"No.","Time","Source","Destination","Protocol","Length","Info"
"997","24.688530","192.168.225.193","8.8.8.8","ICMP","74","Echo (ping) request  id=0x0001, seq=1591/14086, ttl=128 (reply in 1017)"
"1017","24.925377","8.8.8.8","192.168.225.193","ICMP","74","Echo (ping) reply    id=0x0001, seq=1591/14086, ttl=113 (request in 997)"
"1028","25.697847","192.168.225.193","8.8.8.8","ICMP","74","Echo (ping) request  id=0x0001, seq=1592/14342, ttl=128 (reply in 1029)"
"1029","26.042808","8.8.8.8","192.168.225.193","ICMP","74","Echo (ping) reply    id=0x0001, seq=1592/14342, ttl=113 (request in 1028)"
"1030","26.716408","192.168.225.193","8.8.8.8","ICMP","74","Echo (ping) request  id=0x0001, seq=1593/14598, ttl=128 (reply in 1031)"
"1031","26.819474","8.8.8.8","192.168.225.193","ICMP","74","Echo (ping) reply    id=0x0001, seq=1593/14598, ttl=113 (request in 1030)"
"1032","27.739017","192.168.225.193","8.8.8.8","ICMP","74","Echo (ping) request  id=0x0001, seq=1594/14854, ttl=128 (reply in 1033)"
"1033","27.888451","8.8.8.8","192.168.225.193","ICMP","74","Echo (ping) reply    id=0x0001, seq=1594/14854, ttl=113 (request in 1032)"
"1040","28.751145","192.168.225.193","8.8.8.8","ICMP","74","Echo (ping) request  id=0x0001, seq=1595/15110, ttl=128 (reply in 1043)"
"1043","29.241082","8.8.8.8","192.168.225.193","ICMP","74","Echo (ping) reply    id=0x0001, seq=1595/15110, ttl=113 (request in 1040)"
"1044","29.769309","192.168.225.193","8.8.8.8","ICMP","74","Echo (ping) request  id=0x0001, seq=1596/15366, ttl=128 (reply in 1045)"
"1045","29.886699","8.8.8.8","192.168.225.193","ICMP","74","Echo (ping) reply    id=0x0001, seq=1596/15366, ttl=113 (request in 1044)"
"1048","30.789712","192.168.225.193","8.8.8.8","ICMP","74","Echo (ping) request  id=0x0001, seq=1597/15622, ttl=128 (reply in 1049)"
"1049","30.962407","8.8.8.8","192.168.225.193","ICMP","74","Echo (ping) reply    id=0x0001, seq=1597/15622, ttl=113 (request in 1048)"
"1050","31.807096","192.168.225.193","8.8.8.8","ICMP","74","Echo (ping) request  id=0x0001, seq=1598/15878, ttl=128 (reply in 1052)"
"1052","32.038775","8.8.8.8","192.168.225.193","ICMP","74","Echo (ping) reply    id=0x0001, seq=1598/15878, ttl=113 (request in 1050)"
"1055","32.827596","192.168.225.193","8.8.8.8","ICMP","74","Echo (ping) request  id=0x0001, seq=1599/16134, ttl=128 (reply in 1056)"
"1056","33.005019","8.8.8.8","192.168.225.193","ICMP","74","Echo (ping) reply    id=0x0001, seq=1599/16134, ttl=113 (request in 1055)"
"1057","33.834368","192.168.225.193","8.8.8.8","ICMP","74","Echo (ping) request  id=0x0001, seq=1600/16390, ttl=128 (reply in 1058)"
"1058","34.238989","8.8.8.8","192.168.225.193","ICMP","74","Echo (ping) reply    id=0x0001, seq=1600/16390, ttl=113 (request in 1057)"
"1061","34.852003","192.168.225.193","8.8.8.8","ICMP","74","Echo (ping) request  id=0x0001, seq=1601/16646, ttl=128 (reply in 1062)"
"1062","35.049404","8.8.8.8","192.168.225.193","ICMP","74","Echo (ping) reply    id=0x0001, seq=1601/16646, ttl=113 (request in 1061)"
"1063","35.870407","192.168.225.193","8.8.8.8","ICMP","74","Echo (ping) request  id=0x0001, seq=1602/16902, ttl=128 (reply in 1064)"
"1064","35.959048","8.8.8.8","192.168.225.193","ICMP","74","Echo (ping) reply    id=0x0001, seq=1602/16902, ttl=113 (request in 1063)"
"1066","36.888143","192.168.225.193","8.8.8.8","ICMP","74","Echo (ping) request  id=0x0001, seq=1603/17158, ttl=128 (reply in 1067)"
"1067","36.973452","8.8.8.8","192.168.225.193","ICMP","74","Echo (ping) reply    id=0x0001, seq=1603/17158, ttl=113 (request in 1066)"
"1068","37.908722","192.168.225.193","8.8.8.8","ICMP","74","Echo (ping) request  id=0x0001, seq=1604/17414, ttl=128 (reply in 1069)"
"1069","38.006265","8.8.8.8","192.168.225.193","ICMP","74","Echo (ping) reply    id=0x0001, seq=1604/17414, ttl=113 (request in 1068)"
"1072","38.925276","192.168.225.193","8.8.8.8","ICMP","74","Echo (ping) request  id=0x0001, seq=1605/17670, ttl=128 (reply in 1073)"
"1073","39.090910","8.8.8.8","192.168.225.193","ICMP","74","Echo (ping) reply    id=0x0001, seq=1605/17670, ttl=113 (request in 1072)"
"1074","39.947144","192.168.225.193","8.8.8.8","ICMP","74","Echo (ping) request  id=0x0001, seq=1606/17926, ttl=128 (reply in 1075)"
"1075","40.039298","8.8.8.8","192.168.225.193","ICMP","74","Echo (ping) reply    id=0x0001, seq=1606/17926, ttl=113 (request in 1074)"
"1076","40.962252","192.168.225.193","8.8.8.8","ICMP","74","Echo (ping) request  id=0x0001, seq=1607/18182, ttl=128 (reply in 1077)"
"1077","41.119580","8.8.8.8","192.168.225.193","ICMP","74","Echo (ping) reply    id=0x0001, seq=1607/18182, ttl=113 (request in 1076)"
"1084","42.027470","192.168.225.193","8.8.8.8","ICMP","74","Echo (ping) request  id=0x0001, seq=1608/18438, ttl=128 (reply in 1094)"
"1094","42.371901","8.8.8.8","192.168.225.193","ICMP","74","Echo (ping) reply    id=0x0001, seq=1608/18438, ttl=113 (request in 1084)"
"1099","43.042710","192.168.225.193","8.8.8.8","ICMP","74","Echo (ping) request  id=0x0001, seq=1609/18694, ttl=128 (reply in 1100)"
"1100","43.189018","8.8.8.8","192.168.225.193","ICMP","74","Echo (ping) reply    id=0x0001, seq=1609/18694, ttl=113 (request in 1099)"
"1101","44.049467","192.168.225.193","8.8.8.8","ICMP","74","Echo (ping) request  id=0x0001, seq=1610/18950, ttl=128 (reply in 1103)"
"1103","44.332281","8.8.8.8","192.168.225.193","ICMP","74","Echo (ping) reply    id=0x0001, seq=1610/18950, ttl=113 (request in 1101)"
"1112","45.096411","192.168.225.193","8.8.8.8","ICMP","74","Echo (ping) request  id=0x0001, seq=1611/19206, ttl=128 (reply in 1115)"
"1115","45.146270","8.8.8.8","192.168.225.193","ICMP","74","Echo (ping) reply    id=0x0001, seq=1611/19206, ttl=113 (request in 1112)"
"1116","46.113467","192.168.225.193","8.8.8.8","ICMP","74","Echo (ping) request  id=0x0001, seq=1612/19462, ttl=128 (reply in 1117)"
"1117","46.154254","8.8.8.8","192.168.225.193","ICMP","74","Echo (ping) reply    id=0x0001, seq=1612/19462, ttl=113 (request in 1116)"
"1118","47.132773","192.168.225.193","8.8.8.8","ICMP","74","Echo (ping) request  id=0x0001, seq=1613/19718, ttl=128 (reply in 1119)"
"1119","47.345395","8.8.8.8","192.168.225.193","ICMP","74","Echo (ping) reply    id=0x0001, seq=1613/19718, ttl=113 (request in 1118)"
"1120","48.146117","192.168.225.193","8.8.8.8","ICMP","74","Echo (ping) request  id=0x0001, seq=1614/19974, ttl=128 (reply in 1121)"
"1121","48.221458","8.8.8.8","192.168.225.193","ICMP","74","Echo (ping) reply    id=0x0001, seq=1614/19974, ttl=113 (request in 1120)"
"1122","49.161098","192.168.225.193","8.8.8.8","ICMP","74","Echo (ping) request  id=0x0001, seq=1615/20230, ttl=128 (reply in 1123)"
"1123","49.761149","8.8.8.8","192.168.225.193","ICMP","74","Echo (ping) reply    id=0x0001, seq=1615/20230, ttl=113 (request in 1122)"
"1124","50.174480","192.168.225.193","8.8.8.8","ICMP","74","Echo (ping) request  id=0x0001, seq=1616/20486, ttl=128 (reply in 1125)"
"1125","50.522019","8.8.8.8","192.168.225.193","ICMP","74","Echo (ping) reply    id=0x0001, seq=1616/20486, ttl=113 (request in 1124)"
"1127","51.183317","192.168.225.193","8.8.8.8","ICMP","74","Echo (ping) request  id=0x0001, seq=1617/20742, ttl=128 (reply in 1130)"
"1130","51.432773","8.8.8.8","192.168.225.193","ICMP","74","Echo (ping) reply    id=0x0001, seq=1617/20742, ttl=113 (request in 1127)"
"1136","52.197112","192.168.225.193","8.8.8.8","ICMP","74","Echo (ping) request  id=0x0001, seq=1618/20998, ttl=128 (reply in 1137)"
"1137","52.259535","8.8.8.8","192.168.225.193","ICMP","74","Echo (ping) reply    id=0x0001, seq=1618/20998, ttl=113 (request in 1136)"
"1145","53.215854","192.168.225.193","8.8.8.8","ICMP","74","Echo (ping) request  id=0x0001, seq=1619/21254, ttl=128 (reply in 1146)"
"1146","53.268405","8.8.8.8","192.168.225.193","ICMP","74","Echo (ping) reply    id=0x0001, seq=1619/21254, ttl=113 (request in 1145)"
"1147","54.238545","192.168.225.193","8.8.8.8","ICMP","74","Echo (ping) request  id=0x0001, seq=1620/21510, ttl=128 (reply in 1148)"
"1148","54.314025","8.8.8.8","192.168.225.193","ICMP","74","Echo (ping) reply    id=0x0001, seq=1620/21510, ttl=113 (request in 1147)"
"1149","55.252926","192.168.225.193","8.8.8.8","ICMP","74","Echo (ping) request  id=0x0001, seq=1621/21766, ttl=128 (reply in 1164)"
"1164","55.317089","8.8.8.8","192.168.225.193","ICMP","74","Echo (ping) reply    id=0x0001, seq=1621/21766, ttl=113 (request in 1149)"
"1197","56.271317","192.168.225.193","8.8.8.8","ICMP","74","Echo (ping) request  id=0x0001, seq=1622/22022, ttl=128 (reply in 1200)"
"1200","56.454985","8.8.8.8","192.168.225.193","ICMP","74","Echo (ping) reply    id=0x0001, seq=1622/22022, ttl=113 (request in 1197)"
"1206","57.287593","192.168.225.193","8.8.8.8","ICMP","74","Echo (ping) request  id=0x0001, seq=1623/22278, ttl=128 (reply in 1209)"
"1209","57.410455","8.8.8.8","192.168.225.193","ICMP","74","Echo (ping) reply    id=0x0001, seq=1623/22278, ttl=113 (request in 1206)"
"1216","58.303047","192.168.225.193","8.8.8.8","ICMP","74","Echo (ping) request  id=0x0001, seq=1624/22534, ttl=128 (reply in 1217)"
"1217","58.418110","8.8.8.8","192.168.225.193","ICMP","74","Echo (ping) reply    id=0x0001, seq=1624/22534, ttl=113 (request in 1216)"
"1221","59.320729","192.168.225.193","8.8.8.8","ICMP","74","Echo (ping) request  id=0x0001, seq=1625/22790, ttl=128 (reply in 1222)"
"1222","59.448177","8.8.8.8","192.168.225.193","ICMP","74","Echo (ping) reply    id=0x0001, seq=1625/22790, ttl=113 (request in 1221)"
"1225","60.336448","192.168.225.193","8.8.8.8","ICMP","74","Echo (ping) request  id=0x0001, seq=1626/23046, ttl=128 (reply in 1226)"
"1226","60.516456","8.8.8.8","192.168.225.193","ICMP","74","Echo (ping) reply    id=0x0001, seq=1626/23046, ttl=113 (request in 1225)"
"1234","61.347754","192.168.225.193","8.8.8.8","ICMP","74","Echo (ping) request  id=0x0001, seq=1627/23302, ttl=128 (reply in 1239)"
"1239","61.554747","8.8.8.8","192.168.225.193","ICMP","74","Echo (ping) reply    id=0x0001, seq=1627/23302, ttl=113 (request in 1234)"
"1301","62.364885","192.168.225.193","8.8.8.8","ICMP","74","Echo (ping) request  id=0x0001, seq=1628/23558, ttl=128 (reply in 1306)"
"1306","62.549498","8.8.8.8","192.168.225.193","ICMP","74","Echo (ping) reply    id=0x0001, seq=1628/23558, ttl=113 (request in 1301)"
"1314","63.381070","192.168.225.193","8.8.8.8","ICMP","74","Echo (ping) request  id=0x0001, seq=1629/23814, ttl=128 (reply in 1315)"
"1315","63.454763","8.8.8.8","192.168.225.193","ICMP","74","Echo (ping) reply    id=0x0001, seq=1629/23814, ttl=113 (request in 1314)"
"1316","64.398772","192.168.225.193","8.8.8.8","ICMP","74","Echo (ping) request  id=0x0001, seq=1630/24070, ttl=128 (reply in 1317)"
"1317","64.643417","8.8.8.8","192.168.225.193","ICMP","74","Echo (ping) reply    id=0x0001, seq=1630/24070, ttl=113 (request in 1316)"
"1325","65.464236","192.168.225.193","8.8.8.8","ICMP","74","Echo (ping) request  id=0x0001, seq=1631/24326, ttl=128 (reply in 1326)"
"1326","65.642651","8.8.8.8","192.168.225.193","ICMP","74","Echo (ping) reply    id=0x0001, seq=1631/24326, ttl=113 (request in 1325)"
"1336","66.481841","192.168.225.193","8.8.8.8","ICMP","74","Echo (ping) request  id=0x0001, seq=1632/24582, ttl=128 (reply in 1337)"
"1337","66.584992","8.8.8.8","192.168.225.193","ICMP","74","Echo (ping) reply    id=0x0001, seq=1632/24582, ttl=113 (request in 1336)"
"1357","67.498633","192.168.225.193","8.8.8.8","ICMP","74","Echo (ping) request  id=0x0001, seq=1633/24838, ttl=128 (reply in 1358)"
"1358","67.664863","8.8.8.8","192.168.225.193","ICMP","74","Echo (ping) reply    id=0x0001, seq=1633/24838, ttl=113 (request in 1357)"
"1386","68.517647","192.168.225.193","8.8.8.8","ICMP","74","Echo (ping) request  id=0x0001, seq=1634/25094, ttl=128 (reply in 1400)"
"1400","68.789992","8.8.8.8","192.168.225.193","ICMP","74","Echo (ping) reply    id=0x0001, seq=1634/25094, ttl=113 (request in 1386)"
"1406","69.532834","192.168.225.193","8.8.8.8","ICMP","74","Echo (ping) request  id=0x0001, seq=1635/25350, ttl=128 (reply in 1412)"
"1412","69.728089","8.8.8.8","192.168.225.193","ICMP","74","Echo (ping) reply    id=0x0001, seq=1635/25350, ttl=113 (request in 1406)"
"1445","70.553582","192.168.225.193","8.8.8.8","ICMP","74","Echo (ping) request  id=0x0001, seq=1636/25606, ttl=128 (reply in 1454)"
"1454","70.647084","8.8.8.8","192.168.225.193","ICMP","74","Echo (ping) reply    id=0x0001, seq=1636/25606, ttl=113 (request in 1445)"
"1462","71.574733","192.168.225.193","8.8.8.8","ICMP","74","Echo (ping) request  id=0x0001, seq=1637/25862, ttl=128 (reply in 1466)"
"1466","71.660978","8.8.8.8","192.168.225.193","ICMP","74","Echo (ping) reply    id=0x0001, seq=1637/25862, ttl=113 (request in 1462)"
"1473","72.593030","192.168.225.193","8.8.8.8","ICMP","74","Echo (ping) request  id=0x0001, seq=1638/26118, ttl=128 (reply in 1474)"
"1474","72.753361","8.8.8.8","192.168.225.193","ICMP","74","Echo (ping) reply    id=0x0001, seq=1638/26118, ttl=113 (request in 1473)"
"1475","73.608556","192.168.225.193","8.8.8.8","ICMP","74","Echo (ping) request  id=0x0001, seq=1639/26374, ttl=128 (reply in 1476)"
"1476","73.675861","8.8.8.8","192.168.225.193","ICMP","74","Echo (ping) reply    id=0x0001, seq=1639/26374, ttl=113 (request in 1475)"
"1511","74.628130","192.168.225.193","8.8.8.8","ICMP","74","Echo (ping) request  id=0x0001, seq=1640/26630, ttl=128 (reply in 1516)"
"1516","74.713964","8.8.8.8","192.168.225.193","ICMP","74","Echo (ping) reply    id=0x0001, seq=1640/26630, ttl=113 (request in 1511)"
"1519","75.645271","192.168.225.193","8.8.8.8","ICMP","74","Echo (ping) request  id=0x0001, seq=1641/26886, ttl=128 (reply in 1520)"
"1520","75.800052","8.8.8.8","192.168.225.193","ICMP","74","Echo (ping) reply    id=0x0001, seq=1641/26886, ttl=113 (request in 1519)"
"1522","76.660387","192.168.225.193","8.8.8.8","ICMP","74","Echo (ping) request  id=0x0001, seq=1642/27142, ttl=128 (reply in 1523)"
"1523","76.784036","8.8.8.8","192.168.225.193","ICMP","74","Echo (ping) reply    id=0x0001, seq=1642/27142, ttl=113 (request in 1522)"
"1524","77.705486","192.168.225.193","8.8.8.8","ICMP","74","Echo (ping) request  id=0x0001, seq=1643/27398, ttl=128 (reply in 1525)"
"1525","77.825196","8.8.8.8","192.168.225.193","ICMP","74","Echo (ping) reply    id=0x0001, seq=1643/27398, ttl=113 (request in 1524)"
"1529","78.723428","192.168.225.193","8.8.8.8","ICMP","74","Echo (ping) request  id=0x0001, seq=1644/27654, ttl=128 (reply in 1531)"
"1531","78.848775","8.8.8.8","192.168.225.193","ICMP","74","Echo (ping) reply    id=0x0001, seq=1644/27654, ttl=113 (request in 1529)"
"1532","79.737490","192.168.225.193","8.8.8.8","ICMP","74","Echo (ping) request  id=0x0001, seq=1645/27910, ttl=128 (reply in 1533)"
"1533","79.827920","8.8.8.8","192.168.225.193","ICMP","74","Echo (ping) reply    id=0x0001, seq=1645/27910, ttl=113 (request in 1532)"
"1534","80.760576","192.168.225.193","8.8.8.8","ICMP","74","Echo (ping) request  id=0x0001, seq=1646/28166, ttl=128 (reply in 1535)"
"1535","80.857798","8.8.8.8","192.168.225.193","ICMP","74","Echo (ping) reply    id=0x0001, seq=1646/28166, ttl=113 (request in 1534)"
"1540","81.780098","192.168.225.193","8.8.8.8","ICMP","74","Echo (ping) request  id=0x0001, seq=1647/28422, ttl=128 (reply in 1541)"
"1541","81.953697","8.8.8.8","192.168.225.193","ICMP","74","Echo (ping) reply    id=0x0001, seq=1647/28422, ttl=113 (request in 1540)"
"1619","82.794999","192.168.225.193","8.8.8.8","ICMP","74","Echo (ping) request  id=0x0001, seq=1648/28678, ttl=128 (reply in 1628)"
"1628","82.973190","8.8.8.8","192.168.225.193","ICMP","74","Echo (ping) reply    id=0x0001, seq=1648/28678, ttl=113 (request in 1619)"
"1696","83.802942","192.168.225.193","8.8.8.8","ICMP","74","Echo (ping) request  id=0x0001, seq=1649/28934, ttl=128 (reply in 1715)"
"1715","83.958703","8.8.8.8","192.168.225.193","ICMP","74","Echo (ping) reply    id=0x0001, seq=1649/28934, ttl=113 (request in 1696)"
"1730","84.819903","192.168.225.193","8.8.8.8","ICMP","74","Echo (ping) request  id=0x0001, seq=1650/29190, ttl=128 (reply in 1732)"
"1732","84.903074","8.8.8.8","192.168.225.193","ICMP","74","Echo (ping) reply    id=0x0001, seq=1650/29190, ttl=113 (request in 1730)"
"1742","85.840089","192.168.225.193","8.8.8.8","ICMP","74","Echo (ping) request  id=0x0001, seq=1651/29446, ttl=128 (reply in 1744)"
"1744","86.009412","8.8.8.8","192.168.225.193","ICMP","74","Echo (ping) reply    id=0x0001, seq=1651/29446, ttl=113 (request in 1742)"
"1778","86.859549","192.168.225.193","8.8.8.8","ICMP","74","Echo (ping) request  id=0x0001, seq=1652/29702, ttl=128 (reply in 1784)"
"1784","86.926962","8.8.8.8","192.168.225.193","ICMP","74","Echo (ping) reply    id=0x0001, seq=1652/29702, ttl=113 (request in 1778)"
"1841","87.879043","192.168.225.193","8.8.8.8","ICMP","74","Echo (ping) request  id=0x0001, seq=1653/29958, ttl=128 (reply in 1843)"
"1843","87.963751","8.8.8.8","192.168.225.193","ICMP","74","Echo (ping) reply    id=0x0001, seq=1653/29958, ttl=113 (request in 1841)"
"1850","88.893437","192.168.225.193","8.8.8.8","ICMP","74","Echo (ping) request  id=0x0001, seq=1654/30214, ttl=128 (reply in 1854)"
"1854","89.124974","8.8.8.8","192.168.225.193","ICMP","74","Echo (ping) reply    id=0x0001, seq=1654/30214, ttl=113 (request in 1850)"
"1876","89.912517","192.168.225.193","8.8.8.8","ICMP","74","Echo (ping) request  id=0x0001, seq=1655/30470, ttl=128 (reply in 1877)"
"1877","90.017682","8.8.8.8","192.168.225.193","ICMP","74","Echo (ping) reply    id=0x0001, seq=1655/30470, ttl=113 (request in 1876)"
"1886","90.934767","192.168.225.193","8.8.8.8","ICMP","74","Echo (ping) request  id=0x0001, seq=1656/30726, ttl=128 (reply in 1888)"
"1888","91.143874","8.8.8.8","192.168.225.193","ICMP","74","Echo (ping) reply    id=0x0001, seq=1656/30726, ttl=113 (request in 1886)"
"1890","91.955805","192.168.225.193","8.8.8.8","ICMP","74","Echo (ping) request  id=0x0001, seq=1657/30982, ttl=128 (reply in 1892)"
"1892","92.148356","8.8.8.8","192.168.225.193","ICMP","74","Echo (ping) reply    id=0x0001, seq=1657/30982, ttl=113 (request in 1890)"
"1897","92.971049","192.168.225.193","8.8.8.8","ICMP","74","Echo (ping) request  id=0x0001, seq=1658/31238, ttl=128 (reply in 1898)"
"1898","93.179190","8.8.8.8","192.168.225.193","ICMP","74","Echo (ping) reply    id=0x0001, seq=1658/31238, ttl=113 (request in 1897)"
"1903","93.989699","192.168.225.193","8.8.8.8","ICMP","74","Echo (ping) request  id=0x0001, seq=1659/31494, ttl=128 (reply in 1904)"
"1904","94.154444","8.8.8.8","192.168.225.193","ICMP","74","Echo (ping) reply    id=0x0001, seq=1659/31494, ttl=113 (request in 1903)"
"1905","95.004824","192.168.225.193","8.8.8.8","ICMP","74","Echo (ping) request  id=0x0001, seq=1660/31750, ttl=128 (reply in 1906)"
"1906","95.080879","8.8.8.8","192.168.225.193","ICMP","74","Echo (ping) reply    id=0x0001, seq=1660/31750, ttl=113 (request in 1905)"
"1907","96.025294","192.168.225.193","8.8.8.8","ICMP","74","Echo (ping) request  id=0x0001, seq=1661/32006, ttl=128 (reply in 1908)"
"1908","96.171341","8.8.8.8","192.168.225.193","ICMP","74","Echo (ping) reply    id=0x0001, seq=1661/32006, ttl=113 (request in 1907)"
"1910","97.040038","192.168.225.193","8.8.8.8","ICMP","74","Echo (ping) request  id=0x0001, seq=1662/32262, ttl=128 (reply in 1911)"
"1911","97.100664","8.8.8.8","192.168.225.193","ICMP","74","Echo (ping) reply    id=0x0001, seq=1662/32262, ttl=113 (request in 1910)"
"1945","98.055072","192.168.225.193","8.8.8.8","ICMP","74","Echo (ping) request  id=0x0001, seq=1663/32518, ttl=128 (reply in 1946)"
"1946","98.251549","8.8.8.8","192.168.225.193","ICMP","74","Echo (ping) reply    id=0x0001, seq=1663/32518, ttl=113 (request in 1945)"
"1949","99.075204","192.168.225.193","8.8.8.8","ICMP","74","Echo (ping) request  id=0x0001, seq=1664/32774, ttl=128 (reply in 1950)"
"1950","99.287189","8.8.8.8","192.168.225.193","ICMP","74","Echo (ping) reply    id=0x0001, seq=1664/32774, ttl=113 (request in 1949)"
"1951","100.086932","192.168.225.193","8.8.8.8","ICMP","74","Echo (ping) request  id=0x0001, seq=1665/33030, ttl=128 (reply in 1952)"
"1952","100.148219","8.8.8.8","192.168.225.193","ICMP","74","Echo (ping) reply    id=0x0001, seq=1665/33030, ttl=113 (request in 1951)"
"1955","101.103596","192.168.225.193","8.8.8.8","ICMP","74","Echo (ping) request  id=0x0001, seq=1666/33286, ttl=128 (reply in 1956)"
"1956","101.223659","8.8.8.8","192.168.225.193","ICMP","74","Echo (ping) reply    id=0x0001, seq=1666/33286, ttl=113 (request in 1955)"
"1961","102.108998","192.168.225.193","8.8.8.8","ICMP","74","Echo (ping) request  id=0x0001, seq=1667/33542, ttl=128 (reply in 1962)"
"1962","102.245170","8.8.8.8","192.168.225.193","ICMP","74","Echo (ping) reply    id=0x0001, seq=1667/33542, ttl=113 (request in 1961)"
"1970","103.128262","192.168.225.193","8.8.8.8","ICMP","74","Echo (ping) request  id=0x0001, seq=1668/33798, ttl=128 (reply in 1971)"
"1971","103.193081","8.8.8.8","192.168.225.193","ICMP","74","Echo (ping) reply    id=0x0001, seq=1668/33798, ttl=113 (request in 1970)"
"1981","104.146555","192.168.225.193","8.8.8.8","ICMP","74","Echo (ping) request  id=0x0001, seq=1669/34054, ttl=128 (reply in 1985)"
"1985","104.332925","8.8.8.8","192.168.225.193","ICMP","74","Echo (ping) reply    id=0x0001, seq=1669/34054, ttl=113 (request in 1981)"
"1991","105.162475","192.168.225.193","8.8.8.8","ICMP","74","Echo (ping) request  id=0x0001, seq=1670/34310, ttl=128 (reply in 1992)"
"1992","105.328061","8.8.8.8","192.168.225.193","ICMP","74","Echo (ping) reply    id=0x0001, seq=1670/34310, ttl=113 (request in 1991)"
"1997","106.170866","192.168.225.193","8.8.8.8","ICMP","74","Echo (ping) request  id=0x0001, seq=1671/34566, ttl=128 (reply in 1998)"
"1998","106.359080","8.8.8.8","192.168.225.193","ICMP","74","Echo (ping) reply    id=0x0001, seq=1671/34566, ttl=113 (request in 1997)"
"2001","107.184574","192.168.225.193","8.8.8.8","ICMP","74","Echo (ping) request  id=0x0001, seq=1672/34822, ttl=128 (reply in 2002)"
"2002","107.293691","8.8.8.8","192.168.225.193","ICMP","74","Echo (ping) reply    id=0x0001, seq=1672/34822, ttl=113 (request in 2001)"
"2003","108.206004","192.168.225.193","8.8.8.8","ICMP","74","Echo (ping) request  id=0x0001, seq=1673/35078, ttl=128 (reply in 2004)"
"2004","108.303948","8.8.8.8","192.168.225.193","ICMP","74","Echo (ping) reply    id=0x0001, seq=1673/35078, ttl=113 (request in 2003)"
"2018","109.220208","192.168.225.193","8.8.8.8","ICMP","74","Echo (ping) request  id=0x0001, seq=1674/35334, ttl=128 (reply in 2019)"
"2019","109.503447","8.8.8.8","192.168.225.193","ICMP","74","Echo (ping) reply    id=0x0001, seq=1674/35334, ttl=113 (request in 2018)"
"2037","110.230917","192.168.225.193","8.8.8.8","ICMP","74","Echo (ping) request  id=0x0001, seq=1675/35590, ttl=128 (reply in 2039)"
"2039","110.278953","8.8.8.8","192.168.225.193","ICMP","74","Echo (ping) reply    id=0x0001, seq=1675/35590, ttl=113 (request in 2037)"
"2045","111.240140","192.168.225.193","8.8.8.8","ICMP","74","Echo (ping) request  id=0x0001, seq=1676/35846, ttl=128 (reply in 2047)"
"2047","111.298045","8.8.8.8","192.168.225.193","ICMP","74","Echo (ping) reply    id=0x0001, seq=1676/35846, ttl=113 (request in 2045)"
"2060","112.258012","192.168.225.193","8.8.8.8","ICMP","74","Echo (ping) request  id=0x0001, seq=1677/36102, ttl=128 (reply in 2063)"
"2063","112.565326","8.8.8.8","192.168.225.193","ICMP","74","Echo (ping) reply    id=0x0001, seq=1677/36102, ttl=113 (request in 2060)"
"2068","113.264367","192.168.225.193","8.8.8.8","ICMP","74","Echo (ping) request  id=0x0001, seq=1678/36358, ttl=128 (reply in 2069)"
"2069","113.395081","8.8.8.8","192.168.225.193","ICMP","74","Echo (ping) reply    id=0x0001, seq=1678/36358, ttl=113 (request in 2068)"
"2073","114.295130","192.168.225.193","8.8.8.8","ICMP","74","Echo (ping) request  id=0x0001, seq=1679/36614, ttl=128 (reply in 2076)"
"2076","114.376178","8.8.8.8","192.168.225.193","ICMP","74","Echo (ping) reply    id=0x0001, seq=1679/36614, ttl=113 (request in 2073)"
"2081","115.301942","192.168.225.193","8.8.8.8","ICMP","74","Echo (ping) request  id=0x0001, seq=1680/36870, ttl=128 (reply in 2087)"
"2087","115.430494","8.8.8.8","192.168.225.193","ICMP","74","Echo (ping) reply    id=0x0001, seq=1680/36870, ttl=113 (request in 2081)"
"2093","116.318837","192.168.225.193","8.8.8.8","ICMP","74","Echo (ping) request  id=0x0001, seq=1681/37126, ttl=128 (reply in 2094)"
"2094","116.460830","8.8.8.8","192.168.225.193","ICMP","74","Echo (ping) reply    id=0x0001, seq=1681/37126, ttl=113 (request in 2093)"
"2095","117.324322","192.168.225.193","8.8.8.8","ICMP","74","Echo (ping) request  id=0x0001, seq=1682/37382, ttl=128 (reply in 2097)"
"2097","117.482937","8.8.8.8","192.168.225.193","ICMP","74","Echo (ping) reply    id=0x0001, seq=1682/37382, ttl=113 (request in 2095)"
"2102","118.344548","192.168.225.193","8.8.8.8","ICMP","74","Echo (ping) request  id=0x0001, seq=1683/37638, ttl=128 (reply in 2107)"
"2107","118.554975","8.8.8.8","192.168.225.193","ICMP","74","Echo (ping) reply    id=0x0001, seq=1683/37638, ttl=113 (request in 2102)"
"2120","119.355348","192.168.225.193","8.8.8.8","ICMP","74","Echo (ping) request  id=0x0001, seq=1684/37894, ttl=128 (reply in 2123)"
"2123","119.510092","8.8.8.8","192.168.225.193","ICMP","74","Echo (ping) reply    id=0x0001, seq=1684/37894, ttl=113 (request in 2120)"
"2125","120.363608","192.168.225.193","8.8.8.8","ICMP","74","Echo (ping) request  id=0x0001, seq=1685/38150, ttl=128 (reply in 2126)"
"2126","120.546939","8.8.8.8","192.168.225.193","ICMP","74","Echo (ping) reply    id=0x0001, seq=1685/38150, ttl=113 (request in 2125)"
"2134","121.382325","192.168.225.193","8.8.8.8","ICMP","74","Echo (ping) request  id=0x0001, seq=1686/38406, ttl=128 (reply in 2146)"
"2146","121.591013","8.8.8.8","192.168.225.193","ICMP","74","Echo (ping) reply    id=0x0001, seq=1686/38406, ttl=113 (request in 2134)"
"2157","122.398243","192.168.225.193","8.8.8.8","ICMP","74","Echo (ping) request  id=0x0001, seq=1687/38662, ttl=128 (reply in 2158)"
"2158","122.489383","8.8.8.8","192.168.225.193","ICMP","74","Echo (ping) reply    id=0x0001, seq=1687/38662, ttl=113 (request in 2157)"
"2159","123.416895","192.168.225.193","8.8.8.8","ICMP","74","Echo (ping) request  id=0x0001, seq=1688/38918, ttl=128 (reply in 2160)"
"2160","123.547189","8.8.8.8","192.168.225.193","ICMP","74","Echo (ping) reply    id=0x0001, seq=1688/38918, ttl=113 (request in 2159)"
"2166","124.438951","192.168.225.193","8.8.8.8","ICMP","74","Echo (ping) request  id=0x0001, seq=1689/39174, ttl=128 (reply in 2167)"
"2167","124.503081","8.8.8.8","192.168.225.193","ICMP","74","Echo (ping) reply    id=0x0001, seq=1689/39174, ttl=113 (request in 2166)"
"2177","125.459442","192.168.225.193","8.8.8.8","ICMP","74","Echo (ping) request  id=0x0001, seq=1690/39430, ttl=128 (reply in 2179)"
"2179","125.592826","8.8.8.8","192.168.225.193","ICMP","74","Echo (ping) reply    id=0x0001, seq=1690/39430, ttl=113 (request in 2177)"
"2185","126.484855","192.168.225.193","8.8.8.8","ICMP","74","Echo (ping) request  id=0x0001, seq=1691/39686, ttl=128 (reply in 2187)"
"2187","126.680493","8.8.8.8","192.168.225.193","ICMP","74","Echo (ping) reply    id=0x0001, seq=1691/39686, ttl=113 (request in 2185)"
"2190","127.506387","192.168.225.193","8.8.8.8","ICMP","74","Echo (ping) request  id=0x0001, seq=1692/39942, ttl=128 (reply in 2191)"
"2191","127.790971","8.8.8.8","192.168.225.193","ICMP","74","Echo (ping) reply    id=0x0001, seq=1692/39942, ttl=113 (request in 2190)"
"2195","128.522130","192.168.225.193","8.8.8.8","ICMP","74","Echo (ping) request  id=0x0001, seq=1693/40198, ttl=128 (reply in 2197)"
"2197","128.797474","8.8.8.8","192.168.225.193","ICMP","74","Echo (ping) reply    id=0x0001, seq=1693/40198, ttl=113 (request in 2195)"
"2198","129.541858","192.168.225.193","8.8.8.8","ICMP","74","Echo (ping) request  id=0x0001, seq=1694/40454, ttl=128 (reply in 2199)"
"2199","129.641120","8.8.8.8","192.168.225.193","ICMP","74","Echo (ping) reply    id=0x0001, seq=1694/40454, ttl=113 (request in 2198)"
"2202","130.562206","192.168.225.193","8.8.8.8","ICMP","74","Echo (ping) request  id=0x0001, seq=1695/40710, ttl=128 (reply in 2203)"
"2203","131.057049","8.8.8.8","192.168.225.193","ICMP","74","Echo (ping) reply    id=0x0001, seq=1695/40710, ttl=113 (request in 2202)"
"2204","131.580768","192.168.225.193","8.8.8.8","ICMP","74","Echo (ping) request  id=0x0001, seq=1696/40966, ttl=128 (reply in 2205)"
"2205","131.792143","8.8.8.8","192.168.225.193","ICMP","74","Echo (ping) reply    id=0x0001, seq=1696/40966, ttl=113 (request in 2204)"
"2209","132.587444","192.168.225.193","8.8.8.8","ICMP","74","Echo (ping) request  id=0x0001, seq=1697/41222, ttl=128 (reply in 2211)"
"2211","133.151507","8.8.8.8","192.168.225.193","ICMP","74","Echo (ping) reply    id=0x0001, seq=1697/41222, ttl=113 (request in 2209)"
"2213","133.605084","192.168.225.193","8.8.8.8","ICMP","74","Echo (ping) request  id=0x0001, seq=1698/41478, ttl=128 (reply in 2216)"
"2216","134.083698","8.8.8.8","192.168.225.193","ICMP","74","Echo (ping) reply    id=0x0001, seq=1698/41478, ttl=113 (request in 2213)"
"2217","134.684071","192.168.225.193","8.8.8.8","ICMP","74","Echo (ping) request  id=0x0001, seq=1699/41734, ttl=128 (reply in 2218)"
"2218","134.803376","8.8.8.8","192.168.225.193","ICMP","74","Echo (ping) reply    id=0x0001, seq=1699/41734, ttl=113 (request in 2217)"
"2223","135.703803","192.168.225.193","8.8.8.8","ICMP","74","Echo (ping) request  id=0x0001, seq=1700/41990, ttl=128 (reply in 2224)"
"2224","135.777345","8.8.8.8","192.168.225.193","ICMP","74","Echo (ping) reply    id=0x0001, seq=1700/41990, ttl=113 (request in 2223)"
"2227","136.718991","192.168.225.193","8.8.8.8","ICMP","74","Echo (ping) request  id=0x0001, seq=1701/42246, ttl=128 (reply in 2229)"
"2229","136.774522","8.8.8.8","192.168.225.193","ICMP","74","Echo (ping) reply    id=0x0001, seq=1701/42246, ttl=113 (request in 2227)"
"2238","137.735896","192.168.225.193","8.8.8.8","ICMP","74","Echo (ping) request  id=0x0001, seq=1702/42502, ttl=128 (reply in 2239)"
"2239","137.813528","8.8.8.8","192.168.225.193","ICMP","74","Echo (ping) reply    id=0x0001, seq=1702/42502, ttl=113 (request in 2238)"
"2246","138.757528","192.168.225.193","8.8.8.8","ICMP","74","Echo (ping) request  id=0x0001, seq=1703/42758, ttl=128 (reply in 2247)"
"2247","138.910569","8.8.8.8","192.168.225.193","ICMP","74","Echo (ping) reply    id=0x0001, seq=1703/42758, ttl=113 (request in 2246)"
"2252","139.765588","192.168.225.193","8.8.8.8","ICMP","74","Echo (ping) request  id=0x0001, seq=1704/43014, ttl=128 (reply in 2253)"
"2253","139.863213","8.8.8.8","192.168.225.193","ICMP","74","Echo (ping) reply    id=0x0001, seq=1704/43014, ttl=113 (request in 2252)"
"2258","140.784724","192.168.225.193","8.8.8.8","ICMP","74","Echo (ping) request  id=0x0001, seq=1705/43270, ttl=128 (reply in 2259)"
"2259","140.883860","8.8.8.8","192.168.225.193","ICMP","74","Echo (ping) reply    id=0x0001, seq=1705/43270, ttl=113 (request in 2258)"
"2262","141.804932","192.168.225.193","8.8.8.8","ICMP","74","Echo (ping) request  id=0x0001, seq=1706/43526, ttl=128 (reply in 2264)"
"2264","141.891349","8.8.8.8","192.168.225.193","ICMP","74","Echo (ping) reply    id=0x0001, seq=1706/43526, ttl=113 (request in 2262)"
"2268","142.818723","192.168.225.193","8.8.8.8","ICMP","74","Echo (ping) request  id=0x0001, seq=1707/43782, ttl=128 (reply in 2269)"
"2269","142.900711","8.8.8.8","192.168.225.193","ICMP","74","Echo (ping) reply    id=0x0001, seq=1707/43782, ttl=113 (request in 2268)"
"2274","143.832841","192.168.225.193","8.8.8.8","ICMP","74","Echo (ping) request  id=0x0001, seq=1708/44038, ttl=128 (reply in 2275)"
"2275","144.113320","8.8.8.8","192.168.225.193","ICMP","74","Echo (ping) reply    id=0x0001, seq=1708/44038, ttl=113 (request in 2274)"
"2293","144.850801","192.168.225.193","8.8.8.8","ICMP","74","Echo (ping) request  id=0x0001, seq=1709/44294, ttl=128 (reply in 2304)"
"2304","145.072362","8.8.8.8","192.168.225.193","ICMP","74","Echo (ping) reply    id=0x0001, seq=1709/44294, ttl=113 (request in 2293)"
